 /about /about-us 301
 /contact /contact-us 301
 /career /careers 301
 /login /sign-in 301

 /solutions/sms /sms 301
 /solutions/data /data 301
 /solutions/payment /payment 301
 /solutions/ussd /ussd 301
 /solutions/shortcode /shortcode 301
 /solutions/voice /voice 301
 /solutions/crbt /call-back 301
 /solutions/airtime /airtime 301
